id,name,shortName,position,height,country_name,marketValue,dateOfBirth,preferredFoot,has_player_photo
603946,Matheus,Matheus,G,190.0,Brazil,2300000.0,1992-07-19,Right,True
1019333,Young-woo Seol,Y. W. Seol,D,181.0,South Korea,4600000.0,1998-12-05,Right,True
1406130,Veljko Milosavljević,V. Milosavljević,D,192.0,Serbia,18600000.0,2007-06-28,Right,True
227224,Miloš Veljković,M. Veljković,D,188.0,Serbia,2300000.0,1995-09-26,Right,True
904400,Nair Tiknizyan,N. Tiknizyan,D,180.0,Armenia,4099999.0,1999-05-12,Left,True
155449,Rade Krunić,R. Krunić,M,184.0,Bosnia & Herzegovina,3800000.0,1993-10-07,Right,True
1153956,Jovan Šljivić,J. Šljivić,M,176.0,Serbia,960000.0,2005-10-14,Right,True
939721,Milson,Milson,M,170.0,Angola,3600000.0,1999-10-12,Right,True
110701,Aleksandar Katai,A. Katai,M,182.0,Serbia,725000.0,1991-02-06,Right,True
278763,Mirko Ivanić,M. Ivanić,M,182.0,Montenegro,3800000.0,1993-09-13,Both,True
868268,Cherif Ndiaye,C. Ndiaye,F,188.0,Senegal,5400000.0,1996-01-23,Right,True
878830,Bruno Duarte,B. Duarte,F,182.0,Brazil,4300000.0,1996-03-24,Right,True
802665,Nemanja Radonjić,N. Radonjić,M,185.0,Serbia,2600000.0,1996-02-15,Both,True
289181,Peter Olayinka,P. Olayinka,M,188.0,Nigeria,3100000.0,1995-11-16,Right,True
827371,Timi Max Elšnik,T. M. Elšnik,M,182.0,Slovenia,7600000.0,1998-04-29,Left,True
1825955,Vasilije Kostov,V. Kostov,M,176.0,Serbia,10400000.0,2008-05-11,Right,True
1105074,Ebenezer Annan,E. Annan,D,178.0,Ghana,2400000.0,2002-08-21,Left,True
867608,Rodrigão,R. Prado,D,191.0,Brazil,2400000.0,1995-09-11,Right,True
797083,Omri Glazer,O. Glazer,G,190.0,Israel,2600000.0,1996-03-11,Right,True
1939193,Strahinja Stojković,S. Stojković,D,188.0,Serbia,770000.0,2007-03-08,Right,True
1029788,Vladimir Lučić,V. Lučić,M,185.0,Serbia,1600000.0,2002-06-28,Both,True
1146225,Stefan Leković,S. Leković,D,194.0,Serbia,2700000.0,2004-01-09,Right,True
834186,Nikola Vasiljević,N. Vasiljević,G,196.0,Serbia,390000.0,1996-06-24,Right,True
981518,Marko Bjeković,M. Bjeković,D,182.0,Serbia,535000.0,2000-09-21,Right,True
1153911,Dušan Ristić,D. Ristić,D,191.0,Bosnia & Herzegovina,195000.0,2000-10-04,Right,True
1392891,Nemanja Đokić,N. Đokić,D,192.0,Serbia,325000.0,1998-10-23,Left,True
1468253,Đorđe Skoko,Đ. Skoko,D,194.0,Serbia,620000.0,2003-06-03,Left,True
188127,Stefan Milošević,S. Milošević,D,170.0,Serbia,230000.0,1995-04-07,Left,True
1468252,Aleksa Radonjić,A. Radonjić,M,,Serbia,49000.0,2005-10-24,Right,True
1435246,Mamane Amadou Sabo,M. A. Sabo,M,174.0,Niger,475000.0,2004-09-14,Right,True
98458,Dušan Pantelić,D. Pantelić,M,178.0,Serbia,145000.0,1993-04-15,Right,True
972802,Bayere Loue,B. Loue,F,188.0,Côte d'Ivoire,545000.0,2001-01-14,Left,True
1398997,Ognjen Krsmanović,O. Krsmanović,F,187.0,Serbia,725000.0,2005-01-14,Right,True
986764,Boubacari Doucoure,B. Doucoure,M,192.0,France,620000.0,1999-03-19,Right,True
943573,Stefan Vilotic,S. Vilotic,D,186.0,Serbia,370000.0,1999-10-16,Left,True
1472922,Kayode Saliman,K. Saliman,M,179.0,Nigeria,375000.0,2003-01-07,Right,True
804833,Nemanja Krstić,N. Krstić,M,178.0,Serbia,94000.0,1994-08-05,Both,True
1910871,Petar Đoković,P. Đoković,F,180.0,Serbia,72000.0,2008-02-13,Right,True
1124030,Milan Ilić,M. Ilic,D,180.0,Serbia,370000.0,2000-02-07,Right,True
1065775,Dimitrije Stevanović,D. Stevanović,G,190.0,Serbia,280000.0,2004-01-01,Right,True
1147526,Lazar Mićić,L. Mićić,M,170.0,Serbia,485000.0,2003-02-17,Left,True
145194,Leandro,Leandro,D,183.0,Brazil,105000.0,1994-01-24,Right,True
1500275,Petar Petrović,P. Petrović,D,190.0,Serbia,970000.0,2005-07-13,Both,True
76394,Slaviša Stojanović,S. Stojanović,F,179.0,Serbia,48000.0,1989-01-27,Right,True
1126067,Balša Popović,B. Popović,G,194.0,Montenegro,1300000.0,2000-06-10,Right,True
191640,Marko Gobeljić,M. Gobeljić,D,185.0,Serbia,140000.0,1992-09-13,Right,True
1147556,Aleksandar Đermanović,A. Đermanović,D,188.0,Serbia,1500000.0,2002-10-03,Right,True
1000367,Miljan Momčilović,M. Momčilović,M,184.0,Serbia,955000.0,2001-03-17,Right,True
1981973,Dragan Tegeltija,D. Tegeltija,D,,Serbia,52000.0,2006-03-19,Both,False
1147565,Nikola Knežević,N. Knežević,M,180.0,Serbia,1400000.0,2003-03-10,Right,True
352610,Miloš Pantović,M. Pantović,M,180.0,Serbia,435000.0,1996-07-07,Right,True
1176881,Diogo Bezerra,D. Bezerra,M,186.0,Brazil,1600000.0,2002-07-16,Right,True
1406091,Aleksa Cvetković,A. Cvetković,M,180.0,Serbia,2300000.0,2005-05-13,Right,True
1102965,Nikola Mituljikić,N. Mituljikić,M,180.0,Serbia,650000.0,2003-01-20,Left,True
77512,Stefan Šćepović,S. Šćepović,F,186.0,Serbia,54000.0,1990-01-10,Right,True
1927332,Strahinja Luković,S. Luković,D,185.0,Serbia,82000.0,2005-10-25,Both,True
1544616,Hugo Alba,H. Alba,F,178.0,Spain,540000.0,2006-03-30,Right,True
1982018,Issiaka Dembele,I. Dembele,M,180.0,Côte d'Ivoire,105000.0,2005-11-04,Right,True
94538,Saša Marković,S. Marković,M,184.0,Serbia,53000.0,1991-03-13,Right,True
1465579,Mihajlo Petrović,M. Petrović,M,184.0,Serbia,95000.0,2005-09-21,Left,True
1841880,Kwadwo Opoku Ackah,K. O. Ackah,D,178.0,Ghana,120000.0,2005-05-12,Right,True
1579193,Filip Halabrin,F. Halabrin,M,169.0,Serbia,385000.0,2006-07-15,Left,True
1981967,Andrej Pavlovic,A. Pavlović,D,190.0,Serbia,880000.0,2007-07-29,Right,True
1104742,Uroš Lazić,U. Lazić,D,174.0,Serbia,390000.0,2003-03-15,Right,True
988477,Marko Alchevski,M. Alchevski,G,190.0,North Macedonia,210000.0,2002-04-16,Right,True
1939189,Mamadou Fall,M. Fall,D,186.0,Senegal,49000.0,2005-06-03,Right,True
1049522,Aleksandar Vulić,A. Vulić,G,203.0,Serbia,845000.0,2001-06-08,Right,True
949370,Yohan Bilingi,Y. Bilingi,D,189.0,France,575000.0,1999-02-01,Right,True
1104740,Luka Subotić,L. Subotić,D,190.0,Serbia,725000.0,2003-01-22,Right,True
1489498,Danijel Kolaric,D. Kolarić,D,186.0,Serbia,580000.0,2005-02-10,Right,True
1029785,Vladimir Prijović,V. Prijović,D,185.0,Serbia,740000.0,2002-06-26,Left,True
1101437,Kayque,Kayque,M,176.0,Brazil,525000.0,2000-07-07,Right,True
124960,Muhamed Bešić,M. Bešić,M,180.0,Bosnia & Herzegovina,195000.0,1992-09-10,Right,True
1157899,Uroš Čejić,U. Cejic,M,181.0,Serbia,315000.0,2004-03-26,Left,True
1063371,Stefan Tomović,S. Tomović,M,183.0,Serbia,1000000.0,2001-10-14,Both,True
1009837,Kwaku Bonsu Osei Gaucho,K. B. O. Gaucho,F,168.0,Ghana,330000.0,2000-08-17,Right,True
1018513,José Mulato,J. Mulato,F,180.0,Colombia,230000.0,2003-01-09,Left,True
1186164,Dario Pavković,D. Pavković,F,192.0,Croatia,96000.0,1994-05-28,Right,True
1424448,Veljko Jocić,V. Jocić,M,175.0,Serbia,630000.0,2006-07-05,Right,True
1649511,Francis Ebuka Nwokeabia,F. E. Nwokeabia,M,180.0,Nigeria,105000.0,2005-05-16,Both,True
944503,Luka Bijelović,L. Bijelović,F,186.0,Serbia,245000.0,2001-04-11,Right,True
1094065,Eldar Mehmedović,E. Mehmedović,M,190.0,Bosnia & Herzegovina,97000.0,2003-04-10,Right,True
1131795,Mihailo Bogićević,M. Bogićević,D,191.0,Serbia,290000.0,1998-05-30,Right,True
1166185,Marin Dulić,M. Dulić,G,198.0,Serbia,205000.0,2004-03-25,Right,True
1981794,Aleksa Trajković,A. Trajković,M,180.0,Serbia,105000.0,2007-01-23,Right,True
913382,Vladimir Vitorović,V. Vitorovic,D,182.0,Serbia,315000.0,2000-10-03,Left,True
1093730,Nemanja Krsmanović,N. Krsmanović,D,183.0,Serbia,260000.0,2003-05-09,Right,True
1147543,Stefan Stojanović,S. Stojanović,F,185.0,Serbia,215000.0,2001-07-27,Both,True
844128,Dragan Rosić,D. Rosić,G,195.0,Serbia,2100000.0,1996-09-22,Left,True
862782,Lazar Nikolić,L. Nikolić,D,176.0,Serbia,1100000.0,1999-08-01,Right,True
1198768,Collins Sichenje,C. Sichenje,D,189.0,Kenya,440000.0,2003-09-19,Right,True
795878,Đorđe Crnomarković,Đ. Crnomarković,D,188.0,Serbia,315000.0,1993-09-10,Left,True
1152947,Stefan Bukinac,S. Bukinac,D,183.0,Serbia,5300000.0,2005-07-08,Left,True
257071,Vukan Savićević,V. Savićević,M,180.0,Montenegro,320000.0,1994-01-29,Right,True
844179,Njegoš Petrović,N. Petrović,M,185.0,Serbia,3100000.0,1999-07-18,Right,True
1656621,Petar Sukačev,P. Sukačev,M,173.0,Serbia,310000.0,2005-08-28,Left,True
1114797,Dragan Kokanović,D. Kokanović,M,180.0,Serbia,645000.0,2002-05-01,Right,True
1020116,Yusuf Bamidele,B. I. Yusuf,F,180.0,Nigeria,2700000.0,2001-02-22,Left,True
842317,Aleksa Vukanović,A. Vukanović,F,189.0,Serbia,210000.0,1992-06-18,Right,True
1121635,Marko Veličković,M. Veličković,M,185.0,Serbia,580000.0,2004-10-12,Right,True
194450,Uroš Nikolić,U. Nikolić,M,185.0,Serbia,260000.0,1993-12-14,Both,True
974434,Lucas Barros,L. Barros,D,180.0,Brazil,540000.0,1999-08-21,Left,True
111754,Marko Poletanović,M. Poletanović,M,187.0,Serbia,93000.0,1993-07-20,Right,True
1403053,Marko Mladenović,M. Mladenović,M,174.0,Serbia,290000.0,2005-01-30,Right,True
1000424,Vlada Novevski,V. Novevski,M,183.0,Serbia,91000.0,2002-05-13,Both,True
1165840,Miloš Popović,M. Popović,M,177.0,Serbia,245000.0,2004-04-05,Right,True
1085212,Ibrahim Mustapha,I. Mustapha,F,180.0,Ghana,380000.0,2000-06-18,Right,True
1102771,Matija Gočmanac,M. Gočmanac,G,190.0,Serbia,360000.0,2003-08-05,Right,True
795913,John Mary,J. Mary,F,185.0,Cameroon,330000.0,1993-03-09,Both,True
796365,Mihai Butean,M. Butean,D,181.0,Romania,495000.0,1996-09-14,Right,True
954755,Stefan Ranđelović,S. Ranđelović,G,188.0,Serbia,820000.0,1999-01-27,Right,True
1147541,Mateja Gašić,M. Gašić,D,177.0,Serbia,970000.0,2003-02-16,Right,True
1215907,David Stojanović,D. Stojanović,D,186.0,Serbia,340000.0,2002-02-14,Right,True
1406169,Uroš Ilić,U. Ilić,D,185.0,Serbia,155000.0,2006-01-15,Left,True
997182,Uroš Blagojević,U. Blagojević,D,193.0,Serbia,54000.0,2002-03-21,Left,True
1916326,Douglas Owusu,O. Douglas,M,165.0,Ghana,740000.0,2006-04-10,Left,True
938002,Mlađan Stevanović,M. Stevanović,M,170.0,Serbia,140000.0,1995-01-01,Right,True
901590,Haris Hajdarević,H. Hajdarević,M,181.0,Bosnia & Herzegovina,440000.0,1998-10-07,Right,True
1130262,Đorđe Jovanović,Đ. Jovanović,M,174.0,Serbia,755000.0,2001-08-17,Right,True
1031603,Vukašin Bogdanović,V. Bogdanović,F,186.0,Serbia,930000.0,2002-10-04,Right,True
1166090,Luka Puzovic,L. Puzovic,M,185.0,Serbia,140000.0,2004-07-23,Right,True
804662,Aleksandar Pejović,A. Pejović,M,174.0,Serbia,370000.0,1990-12-28,Left,True
2198964,Stefan Vidaković,S. Vidakovic,F,185.0,Serbia,105000.0,2005-03-06,Left,False
904377,Vladimir Petrović,V. Petrović,F,181.0,Serbia,160000.0,1997-02-15,Right,True
72116,Evgen Pavlov,E. Pavlov,F,191.0,Ukraine,73000.0,1991-03-12,Right,True
1147568,Sadick Abubakar,S. Abubakar,D,180.0,Ghana,475000.0,1998-02-02,Right,True
954756,Stefan Ilić,S. Ilić,G,187.0,Serbia,45000.0,2001-02-25,Both,True
1544668,Darije Markočević,D. Markočević,F,182.0,Bosnia & Herzegovina,95000.0,2006-09-05,Right,True
1166049,Andrija Lazarević,A. Lazarević,M,178.0,Serbia,79000.0,2004-04-03,Right,True
155537,Dino Dolmagić,D. Dolmagić,D,175.0,Serbia,160000.0,1994-02-26,Right,True
1000660,Savo Rašković,S. Rašković,M,178.0,Serbia,160000.0,2002-01-25,Right,True
1132010,Veljko Ilić,V. Ilić,G,195.0,Serbia,2300000.0,2003-07-21,Right,True
1584979,Stefan Mladenović,S. Mladenović,D,180.0,Serbia,620000.0,2007-09-12,Both,True
155961,Miloš Degenek,M. Degenek,D,187.0,Australia,520000.0,1994-04-28,Right,True
190665,Luka Capan,L. Capan,D,185.0,Croatia,97000.0,1995-04-06,Right,True
1146156,Viktor Radojević,V. Radojević,D,179.0,Serbia,1600000.0,2004-07-14,Left,True
1619543,Aleksandar Stančić,A. Stančić,M,178.0,Serbia,480000.0,2006-09-23,Right,True
980796,Dragoljub Savić,D. Savić,M,173.0,Serbia,720000.0,2001-04-25,Right,True
822743,Sarpreet Singh,S. Singh,M,172.0,New Zealand,485000.0,1999-02-20,Left,True
947036,Szabolcs Mezei,S. Mezei,M,172.0,Hungary,670000.0,2000-10-18,Left,True
923865,Vieljeux Prestige Mboungou,V. P. Mboungou,M,171.0,Congo Republic,1500000.0,2000-07-10,Right,True
589100,Saša Jovanović,S. Jovanović,F,176.0,Serbia,310000.0,1991-12-15,Right,True
1102967,Vukašin Krstić,V. Krstić,D,184.0,Serbia,875000.0,2003-04-13,Right,True
220231,Branko Jovičić,B. Jovičić,M,179.0,Serbia,515000.0,1993-03-18,Right,True
1586205,Bogdan Petrović,B. Petrović,F,182.0,Serbia,550000.0,2004-12-07,Right,True
888023,Andrej Todoroski,A. Todoroski,M,175.0,North Macedonia,1600000.0,1999-04-19,Left,True
879556,Stefan Jovanović,S. Jovanović,D,178.0,Serbia,465000.0,1994-04-07,Right,True
1124028,Mateja Đorđević,M. Đorđević,D,191.0,Serbia,1300000.0,2003-01-17,Right,True
964814,Nemanja Jorgić,N. Jorgić,G,186.0,Serbia,26000.0,1988-04-07,Left,True
1146245,Mihajlo Milosavić,M. Milosavić,M,178.0,Serbia,190000.0,2004-07-14,Right,True
1406133,Andrej Petrović,A. Petrović,M,174.0,Serbia,,2006-04-24,Right,True
805915,Nikola Simić,N. Simić,G,192.0,Serbia,280000.0,1996-12-21,Right,True
1497358,Miloš Jovičić,M. Jovičić,F,182.0,Croatia,52000.0,2006-01-23,Right,True
990184,Strahinja Manojlović,S. Manojlović,G,188.0,Serbia,1200000.0,2002-08-11,Right,True
121590,Marko Petković,M. Petković,D,185.0,Serbia,71000.0,1992-09-03,Right,True
1165955,Dušan Pavlović,D. Pavlović,D,187.0,Serbia,970000.0,2004-05-19,Right,True
137702,Uroš Vitas,U. Vitas,D,190.0,Serbia,97000.0,1992-07-06,Right,True
926681,Miljan Ilić,M. Ilić,D,180.0,Serbia,97000.0,1993-05-23,Left,True
112321,Radomir Milosavljević,R. Milosavljević,M,183.0,Serbia,205000.0,1992-07-28,Right,True
1894089,Stefan Nikolić,S. Nikolić,M,179.0,Serbia,375000.0,2006-01-25,Right,True
889059,Vanja Ilić,V. Ilić,M,178.0,Serbia,645000.0,1999-01-03,Right,True
965889,Radivoj Bosić,R. Bosić,M,183.0,Serbia,905000.0,2000-12-01,Right,True
1472951,David Ewemade,D. Ewemade,D,174.0,Nigeria,195000.0,2005-06-17,Right,True
979046,Nemanja Belaković,N. Belaković,F,183.0,Serbia,470000.0,1997-01-08,Left,True
1429076,Lacine Kone,L. Kone,F,193.0,Spain,115000.0,2002-11-01,Right,True
810663,Nikola Srećković,N. Srećković,M,180.0,Serbia,225000.0,1996-04-26,Right,True
1099198,Mbouri Yamkam,M. Yamkam,D,188.0,Cameroon,825000.0,1998-01-02,Right,True
1470370,Luka Izderić,L. Izderic,M,171.0,Austria,320000.0,2006-03-13,Both,True
844332,Jovan Nišić,J. Nišić,M,175.0,Serbia,720000.0,1998-03-03,Right,True
920009,Simon Amin,S. Amin,M,182.0,Syria,195000.0,1997-11-13,Right,True
2198962,Djordje Petrović,D. Petrovic,D,,Serbia,535000.0,2006-02-03,Right,True
804837,Dejan Stanivuković,D. Stanivuković,G,186.0,Serbia,375000.0,1994-06-19,Right,True
2198963,Luka Stanković,L. Stankovic,D,,Serbia,,2007-08-06,,False
827547,Marko Mijailović,M. Mijailović,D,185.0,Serbia,520000.0,1997-08-14,Right,True
1153961,Mateja Radonjić,M. Radonjić,M,180.0,Serbia,325000.0,2005-09-20,Left,True
38583,Saša Stamenković,S. Stamenković,G,194.0,Serbia,48000.0,1985-01-05,Right,True
193130,Nikola Andrić,N. Andrić,D,183.0,Serbia,165000.0,1992-05-23,Right,True
814416,Nikola Ćirković,N. Ćirković,D,188.0,Serbia,130000.0,1991-12-04,Right,True
69023,Dušan Cvetinović,D. Cvetinović,D,186.0,Serbia,47000.0,1988-12-24,Right,True
795938,Žarko Udovičić,Ž. Udovičić,D,185.0,Serbia,,1987-08-31,Right,True
27863,Janko Tumbasević,J. Tumbasević,M,179.0,Montenegro,52000.0,1985-01-14,Right,True
1022062,Mihailo Oreščanin,M. Oreščanin,D,189.0,Serbia,530000.0,1997-09-07,Right,True
126558,Petar Bojić,P. Bojić,M,186.0,Serbia,120000.0,1991-09-04,Both,True
280827,Danilo Pantić,D. Pantić,M,180.0,Serbia,260000.0,1996-10-26,Right,True
1835422,Ognjen Bondžulić,O. Bondžulić,M,178.0,Serbia,1100000.0,2007-07-24,Right,True
1166063,Uroš Sremčević,U. Sremčević,F,185.0,Serbia,905000.0,2006-04-24,Both,True
892174,Uroš Ljubomirac,U. Ljubomirac,M,181.0,Serbia,52000.0,1990-04-12,Right,True
1030454,Filip Žunić,F. Žunić,M,180.0,Serbia,725000.0,2002-05-16,Right,True
173957,Irfan Hadžić,I. Hadžić,F,191.0,Bosnia & Herzegovina,165000.0,1993-06-05,Right,True
1595643,Jovan Ćirić,J. Ćirić,M,179.0,Serbia,755000.0,2007-02-25,Left,True
1595520,Đorđe Marinković,Đ. Marinković,M,180.0,Serbia,260000.0,2006-01-15,Right,True
2162392,David Đokić,D. Đokić,F,,Serbia,52000.0,2009-07-08,Left,False
111313,Milan Joksimović,M. Joksimović,D,184.0,Serbia,110000.0,1990-02-09,Left,True
1166128,Bogdan Matijasevic,B. Matijašević,G,195.0,Serbia,46000.0,2004-05-27,Right,True
1166098,Nikola Obućina,N. Obučina,D,175.0,Serbia,23000.0,2004-04-09,Right,True
795855,Aleksandar Varjačić,A. Varjačić,D,187.0,Serbia,53000.0,1991-05-23,Right,True
1166091,Sava Pribaković,S. Pribaković,M,179.0,Serbia,110000.0,2003-02-04,Left,True
32668,Alexandre Oukidja,A. Oukidja,G,185.0,Algeria,205000.0,1988-07-19,Right,True
1627088,Stefan Bastaja,S. Bastaja,D,179.0,Serbia,310000.0,2005-02-22,Right,True
595042,Antoine Batisse,A. Batisse,D,186.0,France,425000.0,1995-01-13,Right,True
1894508,Siniša Popović,S. Popović,D,184.0,Serbia,380000.0,2005-01-23,Right,True
1111990,Nikola Glišić,N. Glišić,D,175.0,Serbia,845000.0,1999-06-30,Right,True
314246,Luka Luković,L. Luković,M,187.0,Serbia,460000.0,1996-10-11,Both,True
1957265,Vasilije Novičić,V. Novićić,M,175.0,Serbia,3800000.0,2008-05-07,Right,True
1481264,Nikola Krstić,N. Krstić,M,178.0,Serbia,970000.0,2004-12-01,Right,True
885781,Tomislav Todorović,T. Todorović,M,172.0,Serbia,79000.0,1998-02-12,Right,True
2059299,Dušan Zagar,D. Zagar,M,175.0,Serbia,230000.0,2006-10-28,Right,True
1516067,Miloš Jović,M. Jović,F,191.0,Serbia,745000.0,2006-05-22,Right,True
1516066,Irfan Zulfić,I. Zulfić,M,182.0,Serbia,210000.0,2000-10-04,Right,True
55005,Vladan Milosavljev,V. Milosavljev,F,172.0,Serbia,24000.0,1987-02-01,Right,True
988937,Ugo Bonnet,U. Bonnet,F,180.0,France,210000.0,1993-09-17,Right,True
942359,Željko Arsić,Ž. Arsić,M,174.0,Serbia,68000.0,1997-07-26,Left,True
886182,Marko Jevtić,M. Jevtić,D,190.0,Serbia,425000.0,1996-02-17,Left,True
103157,Alen Stevanović,A. Stevanović,M,184.0,Serbia,160000.0,1991-01-07,Right,True
1142784,Marko Luković,M. Luković,D,182.0,Serbia,465000.0,2003-09-04,Left,True
1393501,Lazar Konstantinov,L. Konstantinov,D,178.0,Serbia,205000.0,2005-06-29,Left,True
1837599,Luka Krstović,L. Krstović,M,191.0,Serbia,94000.0,2005-12-04,Right,True
904998,Moussa Sissako,M. Sissako,D,184.0,Mali,285000.0,2000-11-10,Right,True
844178,Dušan Marković,D. Marković,G,195.0,Serbia,170000.0,1998-04-03,Left,True
792127,Nikola Mirković,N. Mirković,G,192.0,Serbia,105000.0,1991-07-26,Both,True
1100641,Nikola Stanković,N. Stanković,D,181.0,Serbia,1600000.0,2003-04-24,Right,True
38574,Nenad Tomović,N. Tomović,D,184.0,Serbia,27000.0,1987-08-30,Right,True
1464578,Lazar Stojanović,L. Stojanović,D,187.0,Serbia,460000.0,2005-04-22,Right,True
976131,Andreja Stojanović,A. Stojanović,D,183.0,Serbia,340000.0,1998-11-12,Left,True
1008225,Sambou Sissoko,S. Sissoko,M,171.0,Mali,1000000.0,2000-06-29,Right,True
345141,Marko Docić,M. Docić,M,178.0,Serbia,760000.0,1993-04-24,Left,True
1165971,Uroš Miladinović,U. Miladinović,M,185.0,Serbia,1300000.0,2004-06-16,Right,True
1981976,Filip Matijašević,F. Matijašević,M,175.0,Serbia,1100000.0,2008-03-04,Right,True
834586,Lazar Tufegdžić,L. Tufegdžić,M,185.0,Serbia,720000.0,1997-02-22,Right,True
905103,Slobodan Tedić,S. Tedić,F,190.0,Serbia,835000.0,2000-04-13,Right,True
1595518,Veljko Radosavljević,V. Radosavljević,M,180.0,Serbia,410000.0,2005-04-02,Right,True
267523,Dušan Jovančić,D. Jovančić,D,186.0,Serbia,110000.0,1990-10-19,Both,True
804183,Milan Pavkov,M. Pavkov,F,193.0,Serbia,320000.0,1994-02-09,Right,True
69362,Miloš Cvetković,M. Cvetković,D,175.0,Serbia,92000.0,1990-01-06,Right,True
1595759,Ismael Maiga,I. Maiga,D,189.0,Côte d'Ivoire,225000.0,2003-11-23,Right,True
1865408,Mateja Prokopijević,M. Prokopijević,M,186.0,Serbia,,2007-01-04,Right,True
1584983,Vladan Čarapić,V. Čarapić,G,191.0,Serbia,,2007-01-30,Right,True
1446160,Aboubacar Cisse,A. Cisse,M,181.0,Senegal,130000.0,2004-02-20,Right,True
988549,Bojica Nikčević,B. Nikčević,M,182.0,Montenegro,645000.0,2000-02-04,Right,True
1392796,Milan Đoković,M. Đoković,D,190.0,Serbia,370000.0,2003-09-25,Left,True
837894,Nemanja Milojević,N. Milojević,M,183.0,Greece,580000.0,1998-02-23,Left,True
1937361,Lazar Balević,L. Balević,G,188.0,Serbia,950000.0,2007-08-23,Right,True
1093731,Dragan Čubra,D. Čubra,D,181.0,Serbia,210000.0,2002-06-03,Right,True
1102161,Nemanja Đeković,N. Đeković,D,196.0,Serbia,875000.0,2003-05-08,Right,True
795871,Stefan Bukorac,S. Bukorac,D,192.0,Serbia,135000.0,1991-02-14,Both,True
1165834,Luka Drobnjak,L. Drobnjak,D,185.0,Serbia,705000.0,2004-04-25,Left,True
840862,Filip Krstić,F. Krstić,M,184.0,Serbia,425000.0,1997-08-28,Right,True
943362,Miloš Tošeski,M. Tošeski,M,178.0,North Macedonia,215000.0,1998-02-24,Right,True
956793,Nikola Bogdanovski,N. Bogdanovski,M,181.0,North Macedonia,210000.0,1999-01-25,Both,True
799015,Lazar Zličić,L. Zličić,M,182.0,Serbia,79000.0,1997-02-07,Left,True
267473,Nebojša Bastajić,N. Bastajić,M,184.0,Serbia,140000.0,1990-08-19,Left,True
799152,Aleksandar Lutovac,A. Lutovac,M,175.0,Serbia,410000.0,1997-06-27,Right,True
998786,Vladimir Miletić,V. Miletić,M,183.0,Serbia,470000.0,2003-03-04,Left,True
1153959,Mateja Bubanj,M. Bubanj,F,184.0,Serbia,415000.0,2005-01-03,Right,True
1109778,Nikola Marinković,N. Marinković,M,186.0,Serbia,140000.0,2003-07-10,Left,True
889448,Stefan Hajdin,S. Hajdin,D,189.0,Serbia,310000.0,1994-04-14,Left,True
937992,Nikola Vukajlović,N. Vukajlović,D,180.0,Serbia,485000.0,1996-05-30,Left,True
1598539,Pavle Mihajlović,P. Mihajlović,D,175.0,Serbia,48000.0,2006-07-12,Right,True
1846383,Đorđe Skočajić,Đ. Skoćajić,F,176.0,Serbia,92000.0,2006-05-25,Right,True
1147879,Vladimir Savić,V. Savić,G,191.0,Serbia,320000.0,1996-03-11,Right,True
1102136,Luka Laban,L. Laban,M,186.0,Serbia,105000.0,2004-04-06,Right,True
1855771,Mateja Gajić,M. Gajić,,179.0,Serbia,105000.0,2005-12-17,Right,True
807251,Ivan Šubert,I. Šubert,D,192.0,Serbia,140000.0,1993-10-14,Right,True
267437,Zoran Popović,Z. Popović,G,188.0,Serbia,52000.0,1988-05-28,Right,True
905167,Abdul Yusif,A. Yusif,D,178.0,Ghana,655000.0,2001-08-09,Right,True
1001880,Mirko Milikić,M. Milikić,D,194.0,Montenegro,825000.0,2001-12-24,Right,True
1146281,Nemanja Vidojević,N. Vidojević,D,184.0,Serbia,205000.0,2004-07-05,Left,True
1466631,Nikola Đuričić,N. Đuričić,D,180.0,Serbia,775000.0,1999-12-12,Left,True
988828,Hristo Ivanov,H. Ivanov,M,186.0,Bulgaria,880000.0,2000-12-16,Right,True
1166015,Nikola Jovanović,N. Jovanović,M,176.0,Serbia,310000.0,2003-10-29,Left,True
1007254,Branislav Knežević,B. Knežević,M,183.0,Serbia,775000.0,2002-07-21,Right,True
1885765,Jovan Milosavljević,J. Milosavljević,M,186.0,Serbia,1900000.0,2007-02-08,Right,True
876873,Stefan Cvetković,S. Cvetković,M,184.0,Serbia,485000.0,1998-01-12,Right,True
1146227,Stefan Pirgić,S. Pirgić,F,182.0,Serbia,410000.0,2003-02-09,Right,True
869693,Sava Petrov,S. Petrov,F,191.0,Serbia,550000.0,1998-06-18,Right,True
1013994,Sylvester Jasper,S. Jasper,M,180.0,Bulgaria,900000.0,2001-09-13,Right,True
1166001,Janko Jevremović,J. Jevremović,M,181.0,Serbia,455000.0,2004-07-14,Left,True
1121629,Dario Grgić,D. Grgić,M,181.0,Serbia,1900000.0,2003-03-16,Right,True
1417509,Aleksa Kuljanin,A. Kuljanin,M,180.0,Serbia,1200000.0,2004-01-17,Left,True
111456,Miloš Kosanović,M. Kosanović,D,191.0,Serbia,140000.0,1990-05-28,Left,True
1017661,Marko Konatar,M. Konatar,D,180.0,Serbia,365000.0,2000-03-25,Left,True
1427157,Stefan Mitrovic,S. Mitrović,M,187.0,Serbia,53000.0,2006-04-28,Right,True
1001851,Ognjen Lukić,O. Lukić,G,190.0,Serbia,290000.0,2003-07-03,Right,True
1479042,Đorđe Glavinić,Đ. Glavinić,F,186.0,Serbia,190000.0,2004-02-12,Right,True
844305,Marko Milošević,M. Milošević,G,188.0,Serbia,185000.0,1991-02-07,Both,True
1150389,Milan Roganović,M. Roganović,D,182.0,Montenegro,2800000.0,2005-10-28,Right,True
1427163,Nikola Simic,N. Simić,D,185.0,Serbia,3800000.0,2007-03-30,Right,True
1147544,Vukašin Đurđević,V. Đurđević,D,184.0,Serbia,750000.0,2004-01-24,Right,True
555538,Mario Jurčevič,M. Jurčevič,D,186.0,Slovenia,430000.0,1995-06-01,Left,True
286121,Yanis Karabelyov,Y. Karabelyov,M,183.0,Bulgaria,825000.0,1996-01-23,Both,True
1012248,Demba Seck,D. Seck,M,190.0,Senegal,1200000.0,2001-02-10,Left,True
1500276,Vanja Dragojević,V. Dragojevic,M,184.0,Serbia,3200000.0,2006-01-11,Right,True
1166188,Nemanja Trifunović,N. Trifunović,M,172.0,Serbia,2700000.0,2004-06-29,Right,True
1154491,Jovan Milošević,J. Milošević,F,190.0,Serbia,7200000.0,2005-07-31,Both,True
19191,Bibars Natcho,Bibars Natcho,M,176.0,Israel,310000.0,1988-02-18,Right,True
801067,Aldo Kalulu,A. Kalulu,M,166.0,DR Congo,1500000.0,1996-01-21,Right,True
1427161,Ognjen Ugrešić,O. Ugrešić,M,188.0,Serbia,6200000.0,2006-07-15,Right,True
1819171,Andrej Kostić,A. Kostić,F,188.0,Montenegro,4800000.0,2007-01-16,Right,True
1005605,Milan Vukotić,M. Vukotić,M,178.0,Montenegro,3600000.0,2002-10-05,Right,True
1500279,Dusan Jovanović,D. Jovanović,F,183.0,Serbia,740000.0,2008-02-07,Right,True
888701,Stefan Milić,S. Milić,D,187.0,Montenegro,855000.0,2000-07-06,Right,True
1493919,Zoran Alilović,Z. Alilović,M,175.0,Serbia,425000.0,2006-03-14,Left,True
1429960,Dimitrije Janković,D. Janković,M,189.0,Serbia,545000.0,2006-02-27,Right,True
1584964,Bogdan Kostić,B. Kostić,M,175.0,Serbia,1500000.0,2007-01-17,Left,True
805932,Aranđel Stojković,A. Stojković,D,182.0,Serbia,360000.0,1995-03-02,Right,True
807245,Miloš Krunić,M. Krunić,G,198.0,Serbia,93000.0,1996-11-22,Right,True
1152919,Luka Lijeskić,L. Lijeskić,G,196.0,Serbia,455000.0,2005-02-23,Right,True
876751,Mehmed Ćosić,M. Ćosić,D,177.0,Bosnia & Herzegovina,640000.0,1997-06-25,Right,True
1518953,Nikola Marjanovic,N. Marjanović,D,190.0,Serbia,290000.0,1998-04-16,Right,True
987618,Danilo Mitrović,D. Mitrović,D,183.0,Serbia,205000.0,2001-03-21,Right,True
978293,Tomislav Dadić,T. Dadić,D,185.0,Croatia,390000.0,1997-12-15,Left,True
1046779,Jovan Ilić,J. Ilić,M,176.0,Bosnia & Herzegovina,520000.0,2000-01-30,Right,True
1000815,Louay Ben Hassine,L. B. Hassine,M,186.0,Tunisia,755000.0,2000-04-02,Both,True
1382153,Bogdan Mirčetić,B. Mirčetić,M,184.0,Serbia,1600000.0,2005-10-25,Left,True
858238,Milutin Vidosavljević,M. Vidosavljević,M,180.0,Serbia,1300000.0,2001-02-21,Left,True
1005356,Kilian Bevis,K. Bevis,M,173.0,Guadeloupe,940000.0,1998-02-13,Both,True
999008,Stephen Chinedu,S. Chinedu,F,187.0,Nigeria,160000.0,2000-01-06,Right,True
1595656,Nikola Bukumira,N. Bukumira,M,181.0,Serbia,420000.0,2005-09-07,Right,True
1063157,Luka Stankovski,L. Stankovski,M,190.0,North Macedonia,540000.0,2002-09-02,Left,True
79383,Slobodan Simović,S. Simović,D,190.0,Serbia,48000.0,1989-05-22,Right,True
1159434,Bojan Adžić,B. Adžić,D,180.0,Montenegro,580000.0,2003-12-01,Right,True
1022058,Milan Vidakov,M. Vidakov,F,184.0,Serbia,190000.0,2000-08-19,Right,True
1158017,Alfa Baldé,A. Baldé,F,169.0,Portugal,425000.0,2005-02-02,Left,True
13691,Vladimir Stojković,V. Stojković,G,194.0,Serbia,45000.0,1983-07-28,Right,True
1802942,Stefan Petkoski Cimbaljević,S. P. Cimbaljević,D,180.0,Serbia,145000.0,2005-01-30,Left,True
1616139,Nikola Skrobonja,N. Skrobonja,M,187.0,Serbia,205000.0,2005-08-16,Right,True
1853855,Ibrahim Yusuf Omosanya,I. Y. Omosanya,M,177.0,Nigeria,,2005-12-07,Right,True
1912461,Vladimir Karajčić,V. Karajcic,M,181.0,France,210000.0,2004-02-12,Right,True
796223,Andrija Majdevac,A. Majdevac,F,184.0,Serbia,840000.0,1997-08-06,Right,True
1047325,Željko Samčović,Ž. Samčović,G,188.0,Serbia,1100000.0,2002-09-12,Right,True
948696,Jovan Marinković,J. Marinković,D,186.0,Serbia,480000.0,1996-09-12,Right,True
1981962,Ahmed Hadzimujovic,A. Hadzimujovic,D,190.0,Serbia,1000000.0,2007-08-17,Right,True
941050,Numan Kurdić,N. Kurdić,D,185.0,Bosnia & Herzegovina,465000.0,1999-07-01,Right,True
799179,Nemanja Miletić,N. Miletić,D,187.0,Serbia,92000.0,1991-07-26,Left,True
1147753,Ivan Davidović,I. Davidović,M,180.0,Serbia,385000.0,1996-01-23,Right,True
1102770,Semir Alić,S. Alić,M,180.0,Serbia,625000.0,2004-03-27,Right,True
1175945,Bob Murphy Omoregbe,B. M. Omoregbe,M,185.0,Italy,290000.0,2003-11-05,Right,True
1100966,Mihajlo Petković,M. Petković,M,182.0,Serbia,1600000.0,2004-05-27,Right,True
1003429,Matija Malekinušić,M. Malekinušić,M,180.0,Croatia,530000.0,1999-01-27,Right,True
1617764,Ejike Opara,E. Opara,F,180.0,Nigeria,970000.0,2005-07-05,Right,True
39587,Adem Ljajić,A. Ljajić,M,182.0,Serbia,435000.0,1991-09-29,Right,True
887054,Samson Iyede,S. Iyede,F,180.0,Nigeria,440000.0,1998-01-28,Right,True
907763,Abdulsamed Abdullahi,A. Abdullahi,M,183.0,Somalia,230000.0,1997-01-19,Right,True
1152937,Dragan Bojat,D. Bojat,D,177.0,Serbia,715000.0,2003-08-10,Right,True
1982067,Skima Togbe,S. Togbe,M,173.0,Ghana,485000.0,2006-06-15,Right,True
1023999,Ensar Brunčević,E. Brunčević,D,196.0,Serbia,190000.0,1999-02-13,Right,True
1153954,Veljko Mirosavic,V. Mirosavić,M,171.0,Serbia,205000.0,2005-06-15,Left,True
2189932,Vasco Sumo,V. Sumo,F,178.0,Liberia,,2006-11-16,Right,True
795839,Miloje Preković,M. Preković,G,193.0,Serbia,52000.0,1991-06-07,Right,True
927295,Armin Đerlek,A. Đerlek,M,172.0,Serbia,54000.0,2000-07-15,Right,True
1910796,Emmanuel Sieh,E. Sieh,F,165.0,Liberia,105000.0,2006-10-11,Right,True
112020,Bojan Brać,B. Brać,G,191.0,Serbia,49000.0,1989-02-28,Left,True
1444568,Sankara Karamoko,S. Karamoko,F,178.0,Côte d'Ivoire,560000.0,2003-11-09,Right,True
137698,Filip Malbašić,F. Malbašić,M,183.0,Serbia,95000.0,1992-11-18,Right,True
1957264,Kadir Gicić,K. Gicić,G,185.0,Serbia,27000.0,2007-07-28,Right,False
1104503,Vuk Bogdanović,V. Bogdanović,D,189.0,Serbia,165000.0,2002-04-03,Right,True
1165958,Lazar Kaličanin,L. Kaličanin,G,189.0,Serbia,720000.0,2004-05-21,Right,True
1566364,Babacar Mboup,B. Mboup,F,192.0,Senegal,420000.0,2002-11-20,Right,True
177037,Miloš Mijić,M. Mijić,M,175.0,Serbia,52000.0,1989-11-22,Both,True
997184,Martin Novaković,M. Novaković,M,175.0,Serbia,440000.0,2001-01-05,Right,True
851599,Tyrone Conraad,T. Conraad,F,181.0,Suriname,385000.0,1997-04-07,Left,True
997194,Ilija Babić,I. Babić,M,184.0,Serbia,720000.0,2002-08-03,Right,True
1030841,Leonardo Antonio,L. Antonio,M,184.0,Brazil,205000.0,1997-06-09,Right,True
1032770,Stefan Stanisavljević,S. Stanisavljević,F,188.0,Serbia,650000.0,2002-01-16,Right,True
1983681,Damjan Đokanović,D. Đokanović,F,183.0,Serbia,310000.0,2008-01-31,Right,True
1478247,Keimer Sandoval,K. Sandoval,D,180.0,Colombia,105000.0,2005-09-03,Right,True
1068813,Egor Prutsev,E. Prutsev,M,181.0,Russia,1200000.0,2002-12-23,Right,True
1104741,Stefan Despotovski,S. Despotovski,D,180.0,North Macedonia,1000000.0,2003-01-23,Right,True
1087489,Uroš Kabić,U. Kabić,M,183.0,Serbia,530000.0,2004-01-01,Left,True
1145915,Daniil Dushevskiy,D. Dusheuski,M,185.0,Belarus,325000.0,2004-03-01,Right,True
807593,Darko Gojković,D. Gojković,D,184.0,Serbia,26000.0,1988-09-26,Right,True
1937553,Jay Enem,J. Enem,F,193.0,Netherlands,2100000.0,2003-03-11,Right,True
955061,Edmund Addo,E. Addo,M,178.0,Ghana,1300000.0,2000-05-17,Both,True
1406109,Vuk Draškić,V. Draškić,G,186.0,Serbia,190000.0,2007-05-11,Right,True
1183887,Henry Addo,H. Addo,M,180.0,Ghana,525000.0,2003-05-01,Right,True
1047458,Mateja Zuvić,M. Zuvić,F,181.0,Serbia,240000.0,2000-02-13,Left,True
2196365,Martin Anđelković,M. Andjelkovic,F,,Serbia,54000.0,2005-05-17,Right,True
1090985,Nemanja Žunić,N. Žunić,D,190.0,Serbia,330000.0,2003-09-09,Right,True
2208696,Emmanuel Quarshie,E. Quarshie,F,,Ghana,110000.0,2007-04-29,,False
1388249,Sandro Trémoulet,S. Trémoulet,D,190.0,Madagascar,260000.0,1999-11-18,Left,True
1165845,Ognjen Abramušić,O. Abramušić,M,187.0,Serbia,26000.0,2003-10-18,,True
1967206,Jovan Vojnović,J. Vojnović,D,183.0,Serbia,48000.0,2007-08-31,Right,True
899302,Franck Kanouté,F. Kanouté,M,186.0,Senegal,430000.0,1998-12-13,Right,True
307458,Petar Petrović,P. Petrović,M,178.0,Serbia,80000.0,1995-09-15,Left,True
940100,Abdoulaye Cisse,A. Cisse,M,181.0,Guinea,720000.0,1996-02-13,Right,True
999049,Filip Bačkulja,F. Bačkulja,D,187.0,Serbia,325000.0,2002-06-25,Left,True
1405262,Vicky Kiankaulua,V. Kiankaulua,M,185.0,France,420000.0,2001-08-03,Right,True
1429959,Uroš Tegeltija,U. Tegeltija,D,173.0,Serbia,54000.0,2006-03-19,Right,True
984877,Uroš Ignjatović,U. Ignjatović,D,171.0,Serbia,620000.0,2001-02-17,Right,True
842735,Marko Šarić,M. Šarić,F,188.0,Serbia,330000.0,1998-11-28,Left,True
252121,Ghayas Zahid,G. Zahid,M,173.0,Norway,930000.0,1994-11-18,Right,True
1147561,Matija Glušćević,M. Glušćević,M,186.0,Serbia,775000.0,2004-06-13,Right,True
987250,Issa Bah,I. Bah,F,181.0,Guinea,620000.0,2002-07-05,Right,True
879829,Miloš Ristić,M. Ristić,M,189.0,Serbia,370000.0,1994-04-06,Right,True
80236,Milan Mitrović,M. Mitrović,D,188.0,Serbia,47000.0,1988-07-02,Left,True
795861,Miloš Vulić,M. Vulić,M,183.0,Serbia,410000.0,1996-08-19,Right,True
929727,Vladimir Radočaj,V. Radočaj,M,176.0,Serbia,545000.0,1998-12-24,Right,True
1217033,Kenroy Campbell,K. Campbell,M,180.0,Jamaica,320000.0,2002-05-30,Right,True
1399471,Kwaku Karikari,K. Karikari,F,183.0,Ghana,860000.0,2002-03-25,Right,True
1022054,Miloš Spasić,M. Spasić,F,186.0,Serbia,275000.0,1997-07-29,Right,True
1417030,Burak Ingenç,B. Ingenc,M,175.0,Türkiye,165000.0,2006-04-14,Left,True
1639816,Yakup Arda Kılıç,Y. A. Kılıç,F,179.0,Türkiye,54000.0,2005-01-04,Right,True
947437,Paul Mbong,P. Mbong,F,185.0,Malta,270000.0,2001-09-02,Right,True
1518929,Nikola Tasić,N. Tasić,M,176.0,Serbia,155000.0,2006-12-14,Right,True
54775,Nemanja Milunović,N. Milunović,D,193.0,Serbia,48000.0,1989-05-31,Both,True
1981982,Mihailo Todosijevic,M. Todosijevic,F,,Serbia,,2007-11-27,,False
1493918,Adem Avdić,A. Avdić,D,173.0,Serbia,2600000.0,2007-09-24,Left,True
1516318,Mahmudu Bajo,M. Bajo,M,185.0,Gambia,2000000.0,2004-08-15,Right,True
1136280,Shavy Warren Babicka,S. W. Babicka,F,180.0,Gabon,1500000.0,2000-06-01,Right,True
2207346,Aleksa Damjanović,A. Damjanovic,F,198.0,Serbia,755000.0,2008-12-05,Left,True
1019641,Ivan Guteša,I. Guteša,G,188.0,Serbia,1100000.0,2002-04-04,Left,True
1049576,Baptiste Roux,B. Roux,D,190.0,France,825000.0,1999-11-26,Left,True
997191,Miloš Pantović,M. Pantović,F,185.0,Serbia,2900000.0,2002-08-24,Right,True
1892868,Kufre Eta,K. Eta,M,187.0,Cameroon,485000.0,2004-06-10,Right,True
50306,Slobodan Medojević,S. Medojević,M,182.0,Serbia,105000.0,1990-11-20,Right,True
938000,Lazar Ranđelović,L. Ranđelović,M,178.0,Serbia,1600000.0,1997-08-05,Right,True
881211,Uroš Stojanović,U. Stojanović,D,181.0,Serbia,240000.0,1995-08-23,Both,True
341339,Nemanja Ahčin,N. Ahcin,M,184.0,Serbia,73000.0,1994-04-07,Right,True
1974511,Luka Zarić,L. Zarić,M,181.0,Serbia,1000000.0,2008-10-31,Left,True
1939188,Matej Gaštarov,M. Gaštarov,M,184.0,North Macedonia,,2006-11-15,Right,True
1939194,Stefan Gudelj,S. Gudelj,D,192.0,Bosnia & Herzegovina,110000.0,2006-05-18,Right,True
1584981,Uros Đorđević,U. Djordjevic,F,172.0,Serbia,,2007-11-30,Both,True
1590928,Gorazd Ristovski,G. Ristovski,D,180.0,North Macedonia,,2007-12-16,Left,True
1515308,Godswill Vadze,G. Vadze,M,181.0,Ghana,210000.0,2001-09-04,Right,True
814301,Slavoljub Srnić,S. Srnić,M,173.0,Serbia,69000.0,1992-01-12,Right,True
1957203,Anđelko Pavlović,A. Pavlovic,F,178.0,Serbia,105000.0,2007-06-16,Right,True
1595696,Stefan Baltic,S. Baltic,F,,Serbia,,2004-02-26,Right,True
1982078,Uroš Filimonović,U. Filimonović,M,182.0,Serbia,96000.0,2006-04-12,Right,False
1111781,Jovan Manev,J. Manev,D,185.0,North Macedonia,360000.0,2001-01-25,Right,True
1859501,Aleksa Milošević,A. Milošević,D,183.0,Serbia,260000.0,2007-01-08,Right,True
1859502,Ognjen Alempijević,O. Alempijević,F,175.0,Serbia,265000.0,2007-05-31,Right,True
1893370,Ilja Pantelin,I. Pantelin,G,185.0,Serbia,,2007-10-19,Right,True
895905,Ibrahim Tanko,I. Tanko,F,186.0,Ghana,390000.0,1999-04-30,Right,True
21927,Marko Arnautović,M. Arnautović,F,192.0,Austria,2600000.0,1989-04-19,Both,True
1133882,Franklin Tebo,F. Tebo,D,192.0,Nigeria,1600000.0,2000-01-15,Right,True
1425301,Nikola Zečević,N. Zečević,D,190.0,Serbia,775000.0,2004-06-16,Right,True
1409357,Ivan Vasiljević,I. Vasiljević,D,185.0,Serbia,,2005-01-17,Both,True
1124029,Mateja Milovanović,M. Milovanović,D,185.0,Serbia,325000.0,2004-04-18,Left,True
1907123,Teo Lakić,T. Lakić,M,185.0,Bosnia & Herzegovina,,2008-04-10,,True
990630,Yankuba Jarju,Y. Jarju,F,182.0,Gambia,210000.0,1996-08-20,Right,True
2237640,Marko Radic,M. Radic,D,,Serbia,,2007-11-16,,True
797763,Olivier Thill,O. Thill,M,176.0,Luxembourg,775000.0,1996-12-17,Right,True
2237641,Vuk Borovic,V. Borovic,G,,Serbia,,2008-07-10,Both,True
966572,Ismael Casas,I. Casas,D,174.0,Spain,385000.0,2001-03-07,Right,True
942147,Nemanja Mićević,N. Mićević,D,190.0,Serbia,310000.0,1999-01-28,Left,True
357742,Pedro Empis,P. Empis,D,172.0,Portugal,195000.0,1997-02-01,Left,True
862199,Ester Sokler,E. Sokler,F,181.0,Slovenia,970000.0,1999-06-04,Right,True
971009,António Pina Gomes,A. P. Gomes,F,176.0,Portugal,210000.0,2000-08-29,Left,True
1165919,Nikola Miličić,N. Miličić,D,186.0,Serbia,520000.0,2004-07-04,Left,True
224466,Boris Sekulić,B. Sekulić,D,186.0,Slovakia,97000.0,1991-10-21,Right,True
1063790,Brian Ramírez,B. Ramírez,M,172.0,Argentina,260000.0,2000-08-29,Right,True
1131048,Tomás Händel,T. Händel,M,180.0,Portugal,6800000.0,2000-11-27,Left,True
2063215,Leon Borković,L. Borković,G,183.0,Germany,,2003-08-11,Right,True
1149283,Milos Vracar,M. Vračar,D,175.0,Montenegro,,2006-06-10,Right,True
1005774,Bojan Dimoski,B. Dimoski,D,176.0,North Macedonia,410000.0,2001-11-23,Left,True
1126871,Benjamin Acquah,B. Acquah,F,180.0,Ghana,145000.0,2000-12-29,Right,True
926607,Nemanja Tošić,N. Tošić,D,190.0,Serbia,690000.0,1997-01-23,Left,True
98436,Srđan Mijailović,S. Mijailović,M,182.0,Serbia,855000.0,1993-11-10,Right,True
1149291,Matija Marsenić,M. Marsenić,M,179.0,Montenegro,,2005-01-03,Both,True
312170,Slobodan Urošević,S. Urošević,D,184.0,Serbia,665000.0,1994-04-15,Left,True
1398550,Dominic Sadi,D. Sadi,F,174.0,England,135000.0,2003-09-02,Left,True
1165848,Siniša Tanjga,S. Tanjga,D,189.0,Serbia,185000.0,2004-03-11,Right,True
939791,Nedeljko Stojišić,N. Stojišić,G,202.0,Serbia,110000.0,1997-09-25,Right,True
1218053,Ibrahim Zubairu,Z. Ibrahim,M,175.0,Ghana,1800000.0,2004-06-02,Right,True
1468038,Miloš Mladenović,M. Mladenović,G,193.0,Serbia,110000.0,2001-11-20,Right,True
1013823,Wajdi Sahli,W. Sahli,M,183.0,Tunisia,410000.0,1997-04-17,Right,True
1846384,Lazar Miladinović,L. Miladinović,D,188.0,Serbia,155000.0,2007-11-08,Right,True
1427154,Uroš Filipović,U. Filipović,D,181.0,Serbia,,2006-08-01,Left,False
1137495,Charly Keita,C. Keita,F,192.0,France,480000.0,1999-06-16,Right,True
99533,Stefan Aškovski,S. Aškovski,D,179.0,North Macedonia,95000.0,1992-02-24,Left,True
356190,Borko Duronjić,B. Duronjić,M,170.0,Serbia,425000.0,1997-09-24,Right,True
905454,Lincoln,Lincoln,F,180.0,Brazil,330000.0,2000-12-16,Right,True
1656646,Milan Kolarević,M. Kolarević,M,,Serbia,415000.0,2004-04-07,Right,True
267591,Milan Radin,M. Radin,M,173.0,Serbia,97000.0,1991-06-25,Both,True
150667,Nikola Boranijašević,N. Boranijašević,D,180.0,Serbia,165000.0,1992-05-19,Right,True
795850,Nemanja Miletić,N. Miletić,D,187.0,Serbia,195000.0,1991-01-16,Right,True
1617763,Saladin Mecinovic,S. Mećinović,G,188.0,Serbia,,2005-12-08,Right,True
1937368,Andrej Smiljković,A. Smiljkovic,M,178.0,Serbia,,2007-09-29,Right,True
2296728,Aleksa Djordjevic,A. Djordjevic,G,,Serbia,,2009-01-05,,False
1130255,Đorđe Kotlajić,Đ. Kotlajić,F,182.0,Serbia,54000.0,2004-01-12,Right,True
2049924,Ezekiel Ruben,E. Ruben,D,178.0,Nigeria,,2006-06-24,Right,True
2189184,Kudu Shama Abdul,K. S. Abdul,D,191.0,Ghana,,2006-02-02,Right,True
1429523,Nikola Ćuruvija,N. Ćuruvija,G,196.0,Austria,,2006-06-05,Right,True
2319703,Aleksa Mitić,A. Mitic,F,,Serbia,210000.0,2009-09-30,Both,False
1146082,Aleksej Vukičević,A. Vukičević,D,184.0,Serbia,1200000.0,2005-06-11,Left,True
2035083,Stefan Tomović,S. Tomovic,M,175.0,Serbia,,2008-08-28,Both,True
1981883,Nemanja Pivnički,N. Pivnički,F,,Serbia,,2007-02-04,Right,False
1851627,Abdulmalik Mohammed,A. Mohammed,D,172.0,Nigeria,155000.0,2007-05-09,,True
80250,Nikola Leković,N. Leković,D,176.0,Serbia,47000.0,1989-12-19,Left,True
1149060,Savo Šušić,S. Šušić,D,193.0,Bosnia & Herzegovina,91000.0,2005-01-27,Left,True
1942888,Boasiako Francis Antwi,B. F. Antwi,F,186.0,Ghana,52000.0,2005-05-01,Right,True
1865415,Jagoš Ðurković,J. Djurkovic,M,177.0,Serbia,,2008-03-05,Left,False
1463374,Nikola Popović,N. Popović,G,189.0,Serbia,26000.0,2006-03-23,Right,True
1656945,Matija Popovic,M. Popovic,D,190.0,Serbia,,2007-01-08,Right,True
1981903,Pavle Davkovski,P. Davkovski,M,,Serbia,,2007-05-23,,False
1981810,Dimitrije Nikolic,D. Nikolic,D,183.0,Serbia,,2007-02-10,Right,False
2334058,Veljko Zuric,V. Zuric,M,,Serbia,,2008-05-28,,False
1917883,Oriyomi Lebi,O. Lebi,F,185.0,Nigeria,110000.0,2006-07-02,Both,True
2334125,Daniel Akrofi,D. Akrofi,M,,Ghana,,2007-07-14,,False
2334130,Andrej Milanović,A. Milanovic,D,,Serbia,,2008-08-20,,True
1515520,Nikola Grujić,N. Grujic,G,198.0,Serbia,49000.0,2006-12-16,Right,True
1424357,Lazar Radojičić,L. Radojicic,G,197.0,Serbia,24000.0,2003-09-18,Right,True
1985774,Stefan Petrović,S. Petrovic,D,177.0,Serbia,,2008-03-01,Left,True
948694,Nikola Kuveljić,N. Kuveljić,M,194.0,Serbia,370000.0,1997-04-06,Left,True
2256607,Luka Radojevic,L. Radojevic,M,186.0,Montenegro,,2006-09-02,Right,False
2399348,Alen Hatunic,A. Hatunic,G,192.0,Serbia,,2007-07-23,Right,False
1801667,Lazar Stojanović,L. Stojanović,M,173.0,Serbia,52000.0,2000-05-16,Right,True
1865407,Luka Đorđević,L. Đorđević,F,182.0,Serbia,105000.0,2006-05-21,Right,True
1803851,Mirko Stevanović,M. Stevanović,G,185.0,Serbia,53000.0,2005-04-10,Right,True
2266917,Dimitrije Šarić,D. Šarić,F,185.0,Serbia,,2008-11-04,Left,True
1584984,Vuk Roganović,V. Roganović,D,190.0,Serbia,,2007-01-04,Right,True
1893331,Dimitrije Minić,D. Minic,G,194.0,Montenegro,,2008-07-08,Right,True
2356743,Matej Pribisic,M. Pribisic,G,,Serbia,,2009-04-07,,False
1982084,Vasil Tasovski,V. Tasovski,M,180.0,Serbia,,2007-03-11,Left,False
936134,Igor Jeličić,I. Jeličić,D,187.0,Serbia,310000.0,2000-02-28,Right,True
2456101,Novak Stevanović,N. Stevanovic,M,,Serbia,,2009-07-14,,False
1150815,Andreja Ristic,A. Ristić,F,185.0,Serbia,97000.0,2004-01-08,Right,True
1473508,Mass Sise,M. Sise,F,197.0,Denmark,95000.0,2003-09-23,Right,True
799178,Marko Kolaković,M. Kolaković,D,184.0,Serbia,205000.0,1993-02-09,Right,True
2456095,Andrej Mandić,A. Mandic,M,185.0,Serbia,,2005-07-14,Left,False
804844,Bojan Kovačević,B. Kovačević,D,186.0,Serbia,320000.0,1996-04-27,Both,True
801236,Evandro,E. D. Silva,F,174.0,Brazil,195000.0,1997-01-14,Right,True
1865381,Vanja Tomic,V. Tomić,M,183.0,Serbia,130000.0,2005-07-15,Right,True
795899,Ognjen Čančarević,O. Čančarević,G,188.0,Armenia,130000.0,1989-09-25,Left,True
791176,Vukašin Jovanović,V. Jovanović,D,188.0,Serbia,560000.0,1996-05-17,Right,True
152339,Jeremy Manzorro,J. Manzorro,M,173.0,France,68000.0,1991-11-11,Right,True
229722,Farid Boulaya,F. Boulaya,M,180.0,Algeria,1300000.0,1993-02-25,Right,True
915043,Iván Martos,I. Martos,D,182.0,Spain,270000.0,1997-05-15,Left,True
836919,Stefan Šapić,S. Šapić,D,202.0,Serbia,245000.0,1997-02-26,Right,True
39733,Sebastian Polter,S. Polter,F,190.0,Germany,325000.0,1991-04-01,Right,True
1655273,Matija Ninić,M. Ninić,F,186.0,Serbia,,2006-03-12,Right,True
2235877,Marko Lekić,M. Lekić,F,,Serbia,,2003-08-02,,True
1584966,Dušan Makević,D. Makević,M,188.0,Serbia,,2007-04-29,Right,True
1983654,Dušan Jovanović,D. Jovanović,F,179.0,Serbia,,2008-02-14,,True
370644,Gboly Ariyibi,G. Ariyibi,M,183.0,USA,185000.0,1995-01-17,Right,True
1000276,Aleksandr Shestyuk,A. Shestyuk,F,186.0,Belarus,550000.0,2002-06-05,Right,True
873419,Issah Abass,I. Abass,M,173.0,Ghana,430000.0,1998-09-26,Right,True
1384025,Lamonth Rochester,L. Rochester,D,184.0,Jamaica,52000.0,2003-06-10,Left,True
989351,Ranko Jokić,R. Jokić,D,186.0,Serbia,220000.0,1999-04-22,Left,True
2456158,Petar Maslovarić,P. Maslovaric,G,192.0,Serbia,,2006-05-20,Right,False
987906,Oleg Nikiforenko,O. Nikiforenko,M,178.0,Belarus,480000.0,2001-03-17,Left,True
1087748,Kristian Šekularac,K. Šekularac,M,185.0,Switzerland,110000.0,2003-12-07,Right,True
2239937,Simão Pedro,S. Pedro,F,,Angola,215000.0,2006-08-31,Right,True
2216578,Sumaila Wasiu,S. Wasiu,F,,Ghana,270000.0,2004-06-15,,True
1513253,Clement Lhernault,C. Lhernault,M,176.0,France,110000.0,2003-02-13,Right,True
2276490,Abdoul Sawadogo,A. Sawadogo,D,,Côte d'Ivoire,,2006-11-12,,True
1046939,Ayouba Kosiah,A. Kosiah,F,188.0,Liberia,230000.0,2001-07-22,Left,True
2456275,Andrija Milićević,A. Milicevic,F,175.0,Serbia,,2005-10-18,Right,False
798091,Driton Camaj,D. Camaj,F,182.0,Montenegro,305000.0,1997-03-07,Right,True
1133676,Vieiri Kotzebue,V. Kotzebue,F,179.0,Netherlands,170000.0,2002-08-31,Right,True
1981820,Ersan Mavric,E. Mavric,M,182.0,Serbia,,2007-02-10,Right,False
2287918,Hamad Sacirovic,H. Sacirovic,D,194.0,Serbia,,2008-12-21,Left,False
606608,Cajú,Cajú,D,183.0,Brazil,560000.0,1995-07-17,Left,True
315190,Filip Holender,F. Holender,D,180.0,Hungary,260000.0,1994-07-27,Right,True
890060,Ezequiel,Ezequiel,F,167.0,Brazil,275000.0,1998-03-09,Both,True
1457404,Emmanuel Dzigbah,E. Dzigbah,M,170.0,Ghana,73000.0,2006-06-06,Both,True
885516,Veljko Kijevčanin,V. Kijevčanin,M,185.0,Serbia,290000.0,1999-08-05,Left,True
1818867,Ethan Hoard,E. Hoard,F,196.0,USA,420000.0,2001-05-19,Right,True
77678,Milan Rodić,M. Rodić,D,185.0,Serbia,265000.0,1991-04-02,Left,True
799711,Miloš Šatara,M. Šatara,D,185.0,Bosnia & Herzegovina,325000.0,1995-10-28,Right,True
1983676,Miloš Soprenić,M. Soprenić,M,,Serbia,,2008-05-13,,False
1520997,Vando Félix,V. Félix,F,179.0,Guinea-Bissau,680000.0,2002-09-03,Right,True
1120865,Yacouba Silue,Y. Silue,F,185.0,Côte d'Ivoire,205000.0,2002-01-01,Right,True
1457564,Brandon Cambridge,B. Cambridge,F,175.0,USA,215000.0,2002-02-09,,True
1047505,Filip Samurović,F. Samurović,G,193.0,Serbia,91000.0,2002-09-23,Right,True
931313,Christ Kouadio,C. Kouadio,D,178.0,Côte d'Ivoire,375000.0,2000-12-23,Right,True
108736,Stefan Mitrović,S. Mitrović,D,189.0,Serbia,240000.0,1990-05-22,Left,True
188115,Saša Zdjelar,S. Zdjelar,M,183.0,Serbia,3100000.0,1995-03-20,Right,True
1946155,Ivan Martinović,I. Martinovic,F,,Serbia,,2007-05-30,,False
605446,Bubacar Djaló,B. Djaló,M,188.0,Portugal,280000.0,1997-02-01,Right,True
1897363,Josué Tiendrebeogo,J. Tiendrebeogo,M,169.0,Burkina Faso,280000.0,2002-11-21,Right,True
1588141,Rafael Batista da Silva Junior,R. B. d. S. Junior,F,170.0,Brazil,310000.0,2006-07-02,Right,True
1133670,Mohamed Cissé,M. Cissé,F,171.0,France,140000.0,2001-04-26,Right,True
1111989,Luka Zorić,L. Zorić,M,178.0,Serbia,110000.0,1998-08-02,Left,True
1544669,Davorin Tošić,D. Tošić,M,185.0,Serbia,,2007-03-29,Right,True
940827,Strahinja Eraković,S. Eraković,D,184.0,Serbia,7300000.0,2001-01-22,Right,True
796184,Anes Rušević,A. Rušević,F,183.0,Serbia,170000.0,1996-12-02,Right,True
2468591,Haris Alic,H. Alic,M,,France,,1994-06-22,Right,False
1005616,Lazar Mijović,L. Mijović,M,183.0,Montenegro,110000.0,2003-03-12,Left,True
1186804,Tayrell Wouter,T. Wouter,M,179.0,Netherlands,365000.0,2002-07-16,Right,True
1894096,Vasilije Grbović,V. Grbović,F,190.0,Serbia,,2008-05-12,Right,True
2476341,Daniel Friday,D. Friday,F,,Nigeria,,2007-10-10,,False
1146073,Bogdan Marinkovic,B. Marinković,G,188.0,Serbia,52000.0,2004-04-12,Left,True
1924383,Srđan Borovina,S. Borovina,F,179.0,Serbia,,2007-02-26,,True
578112,Igor Ivanović,I. Ivanović,M,175.0,Serbia,330000.0,1997-07-28,Left,True
1006673,Axel Urie,A. Urie,M,180.0,Central African Republic,390000.0,1999-04-14,Right,True
1387178,Strahinja Ristić,S. Ristić,D,187.0,Serbia,110000.0,2004-03-16,Right,True
2140222,Bradley Besnard,B. Besnard,F,193.0,Central African Republic,,2007-12-12,Right,True
2222933,Jovan Mrvaljević,J. Mrvaljević,M,,Serbia,,2008-07-29,,False
1008297,Kornél Szűcs,K. Szűcs,D,190.0,Hungary,500000.0,2001-09-24,Right,True
797144,Đorđe Nikolić,Đ. Nikolić,G,195.0,Serbia,130000.0,1997-04-13,Both,True
1113474,Herve Toure,H. Toure,M,187.0,Côte d'Ivoire,155000.0,2000-05-20,Right,True
588974,Aleksandar Cvetković,A. Cvetković,D,188.0,Serbia,160000.0,1995-06-04,Right,True
2497279,Ilija Krstić,I. Krstić,F,,Serbia,,2007-09-08,,False
2507087,Nenad Miranovic,N. Miranovic,M,,Montenegro,,2008-09-19,,False
2507085,Enzo,Enzo,M,,Brazil,,2007-12-04,,False
2162300,Ikechukwu Ifeanyi,I. Ifeanyi,M,,Nigeria,,2006-03-12,,False
2507088,Stefan Jovanovic,S. Jovanovic,M,,Serbia,,2007-01-23,,False
1974326,Miloš Bakić,M. Bakić,F,178.0,Serbia,23000.0,2006-01-21,Left,True
1853867,Thomas Ude,T. Ude,D,,Nigeria,,2006-03-16,,True
